src,dst
3GkzgwMb7iRejxJUYXc2yNoRmbHmBaBPW2,1NpfExaNhuDFHkRuBGev6E5TMMArSb7U7G
3GkzgwMb7iRejxJUYXc2yNoRmbHmBaBPW2,38QB5hEmzX1hHY86LfCmuRsRqwK5sGfLQk
3FJY2nZou98LKUYye9mhMrh3UgeQMDYPuz,bc1qx4rlj0avdmn0v8k4wx9578wst95dvsamk3sxgp
3DwFDhpfaMYwwJYTdmC394hdFDaVgg5PuT,33FXqFZeUhuCZcdp9gxhuHMqVnnmCfDKiz
334WjuuMs7oUX8a9EY6aqhH4BMzbNy83Zh,3953E9nAhjzVQN9fPrAPV9siKjm2cz25x6
bc1qfpy73tah6km6wqkk2ej2990qe2a20lufsn2wyl,bc1qx65xcxz6dfsge2g4eaerercslh83y66wrpm79r
1AGCoktnEppAmTZzf9aaM9zhzv3GB7LJvD,1NDyJtNTjmwk5xPNhjgAMu4HDHigtobu1s
1EEqRvnS7XqMoXDcaGL7bLS3hzZi1qUZm1,3JjPf13Rd8g6WAyvg8yiPnrsdjJt1NP4FC
1EEqRvnS7XqMoXDcaGL7bLS3hzZi1qUZm1,1EEqRvnS7XqMoXDcaGL7bLS3hzZi1qUZm1
13ScnjgxXC3J9q5pCkYPkpyLPkq523x851,1NDyJtNTjmwk5xPNhjgAMu4HDHigtobu1s
3ByKbDxF1iAMRVjBQFBXq6rRhatn3ht62V,3ByKbDxF1iAMRVjBQFBXq6rRhatn3ht62V
3KwvQcXEdi9Fy6PbxJAM3qcF515UeYKhNi,3GfWyoYqUYPCQBtCN7UvzRF1QPKQExL79V
3LWoxNahNawaQ3oAJe4TKdGURD1xhj4rmC,bc1qra2u3sz877s72n4krdl2sl4zk3c3ws08gcpa4l
3BTACPzF8MxrNpPAMSwkT7FyC32tM1Fszd,bc1qx4rlj0avdmn0v8k4wx9578wst95dvsamk3sxgp
3NDNcYd6C1boL5YcADBCcMqKn9MdKkr7RP,1BtyERqzdeN4k6QT7UJcyyJVa517sFFMSR
3NDNcYd6C1boL5YcADBCcMqKn9MdKkr7RP,3DEUAR2gwQLJRbrtZE8mjx6eBpamHwX4vj
3NAtbYR4LmEPEJC8tLnPDrX2v44zZVMsnF,12xjTvg1aqK9Jc46N4cxTLiKnCWnDwD4S9
bc1qra2u3sz877s72n4krdl2sl4zk3c3ws08gcpa4l,32Mf4hkRXAxhrkY2EjrzVcX8diTPKVEfhA
3EKKz81heRbbMaRPqEvsdYkeER3S7h6er1,14TDxS9NQhiu1tX4qeFwRkisXn1oDmTuKB
bc1q4hxu6swm2a6kcgyse4ce6g3w8gt7rfy3atay7g,32Mf4hkRXAxhrkY2EjrzVcX8diTPKVEfhA
bc1qrxqyzas8exu8u38gc0kz9tyzngn7f0amrp45fn,32Mf4hkRXAxhrkY2EjrzVcX8diTPKVEfhA
1DvtVuWC91MM12JBWJVJ6bVjGpx4KchgzA,1NDyJtNTjmwk5xPNhjgAMu4HDHigtobu1s
3PFfW578Hhh3QKHCeKBQwuZCjPTNb3Ej8D,32VqtGcRnVVRJVQVqb6Et8TEgz2vWxKWgu
3JuUhgBNkJMwmixBCKA1KcQtGhEW8mKUjA,3DEUAR2gwQLJRbrtZE8mjx6eBpamHwX4vj
33FXqFZeUhuCZcdp9gxhuHMqVnnmCfDKiz,35xFZNdcjJn4afjYA4gNEY4ksqYPkLgmf2
bc1qmty96hwgnamwqq6varzywtn50esynvl58td9qa,32Mf4hkRXAxhrkY2EjrzVcX8diTPKVEfhA
1NDyJtNTjmwk5xPNhjgAMu4HDHigtobu1s,bc1qfpy73tah6km6wqkk2ej2990qe2a20lufsn2wyl
1NDyJtNTjmwk5xPNhjgAMu4HDHigtobu1s,334WjuuMs7oUX8a9EY6aqhH4BMzbNy83Zh
1NDyJtNTjmwk5xPNhjgAMu4HDHigtobu1s,3AGoXXcRnDfJd5UipTcBjK1YibcgpmhAP5
1NDyJtNTjmwk5xPNhjgAMu4HDHigtobu1s,3CTTyNoUJjg3Ci1E4AhpyPBXvBQ9TNFZWJ
1NDyJtNTjmwk5xPNhjgAMu4HDHigtobu1s,3EKKz81heRbbMaRPqEvsdYkeER3S7h6er1
1NDyJtNTjmwk5xPNhjgAMu4HDHigtobu1s,32wLTwRr2X7sYAGw1QKqUadiyVJwBUv7Wo
1NDyJtNTjmwk5xPNhjgAMu4HDHigtobu1s,3NAtbYR4LmEPEJC8tLnPDrX2v44zZVMsnF
1NDyJtNTjmwk5xPNhjgAMu4HDHigtobu1s,36urjQZPgT9y5hrpN3t1bNmFL4bpJC9muY
1NDyJtNTjmwk5xPNhjgAMu4HDHigtobu1s,3Py6b3PUrhYBG15x4szG3WJc6DjWUBFDkQ
1NDyJtNTjmwk5xPNhjgAMu4HDHigtobu1s,18DUJaeuJ8bYjqjrybi48us2dGikSngnrR
1EhPisZYEX5ZMfdLcpei8o2PPfGEVyCBAQ,1NDyJtNTjmwk5xPNhjgAMu4HDHigtobu1s
18WTA6TS7qxGC4icQyB8mywGZPyRrpFfPS,1NDyJtNTjmwk5xPNhjgAMu4HDHigtobu1s
1EFXkxbH2Eu9HpkubgM5wkrDSj9KwqjLpd,1J3763hAKXsTD4PEF8S3Za2UysLhcNsE1e
1Hpv2EyCJfnGXSWBoE1rz8PVR1v5LdMN4o,bc1qz204mwjsc3jqrfuvgfkkwfzt9ltlvrk479hcqf
358tFy2nqHD3oNsukWvLLLYiURhTM26oe9,3NR51M8tf6kY2MSdBJAThR6V7ZEJqLe1Zp
1JUToCyRL5UwgeucjnFAagKs4v1YqhjT1d,31yhKrTiMwddE9MVWmncWAfgknarh8jtuA
bc1qz9xamlapf3t74cuakx2zqyz0zxmyffke65a4qd,1MpwLMHAFLNe2asWsXFLk26D5A9uX3heXS
3Ma4g2V8DWdu6c7aR8dqUDbdwnjjho5Sx8,13ScnjgxXC3J9q5pCkYPkpyLPkq523x851
3Ma4g2V8DWdu6c7aR8dqUDbdwnjjho5Sx8,35xFZNdcjJn4afjYA4gNEY4ksqYPkLgmf2
3Ma4g2V8DWdu6c7aR8dqUDbdwnjjho5Sx8,3D6gvNeYZemPZpPx8xY6Kgdv6uC3fdVv61
3JjPf13Rd8g6WAyvg8yiPnrsdjJt1NP4FC,3JjPf13Rd8g6WAyvg8yiPnrsdjJt1NP4FC
3JjPf13Rd8g6WAyvg8yiPnrsdjJt1NP4FC,3L398knh5C1E2cCEg5N9C4dcGaBWLnPMwK
37CmWXbsLPHtcfSTFxAGYnsGNCTHbzhpPA,1Hpv2EyCJfnGXSWBoE1rz8PVR1v5LdMN4o
bc1q9p0h7xsvh7c0nscz4lxgr6jf0umnf4uzu530h8,bc1q9p0h7xsvh7c0nscz4lxgr6jf0umnf4uzu530h8
bc1q9p0h7xsvh7c0nscz4lxgr6jf0umnf4uzu530h8,3Py6b3PUrhYBG15x4szG3WJc6DjWUBFDkQ
3DmYZYkxgS5M1KvPTCXrDQbEe9NZhqmH7e,3DmYZYkxgS5M1KvPTCXrDQbEe9NZhqmH7e
3DmYZYkxgS5M1KvPTCXrDQbEe9NZhqmH7e,3AtGmbkSoqzJmL8SUVP4JoZkutTFme4zuV
3DmYZYkxgS5M1KvPTCXrDQbEe9NZhqmH7e,38tHvndVntVd26ujT2adtBXiN5eyAc8eAQ
3DmYZYkxgS5M1KvPTCXrDQbEe9NZhqmH7e,3DwFDhpfaMYwwJYTdmC394hdFDaVgg5PuT
bc1qwqdg6squsna38e46795at95yu9atm8azzmyvckulcc7kytlcckxswvvzej,bc1qwqdg6squsna38e46795at95yu9atm8azzmyvckulcc7kytlcckxswvvzej
36urjQZPgT9y5hrpN3t1bNmFL4bpJC9muY,bc1qpnd4frvamyjunpsx90kzydvqh6m5rwj5v22tea
32VqtGcRnVVRJVQVqb6Et8TEgz2vWxKWgu,32VqtGcRnVVRJVQVqb6Et8TEgz2vWxKWgu
1PXnTwcJuBjY4PVhcNGri9BNwRdPZ1A1ak,1NDyJtNTjmwk5xPNhjgAMu4HDHigtobu1s
3FrNV5nzR1aoZkjaYqqBsWWhoRA5ktSJDA,3BTACPzF8MxrNpPAMSwkT7FyC32tM1Fszd
3EXf4HvBdUCFXWzWCAenJobTb6WcyTVG7T,3C5hEXK4dvFXUPnZZPxEjpx9kerdsMg544
3EXf4HvBdUCFXWzWCAenJobTb6WcyTVG7T,37oYLQCAGU2kR17JJds2RDhnRxhN68Gtx9
3884GBrjZGUCZUAwgWGuZ91E921ShB8DiF,3BQTQLhouBU8xQz6hPcxG3H9a9YcyapUJ2
3AtGmbkSoqzJmL8SUVP4JoZkutTFme4zuV,1MpwLMHAFLNe2asWsXFLk26D5A9uX3heXS
bc1qk3ud4ncjcvwmq5mwh5a292y37fd247aj9nn3jw,32Mf4hkRXAxhrkY2EjrzVcX8diTPKVEfhA
bc1qr4xx9kwf6uur5yhkravc2qrk8hg0dcehe4zuqk,1PXnTwcJuBjY4PVhcNGri9BNwRdPZ1A1ak
bc1qr4xx9kwf6uur5yhkravc2qrk8hg0dcehe4zuqk,32Mf4hkRXAxhrkY2EjrzVcX8diTPKVEfhA
3EEhPSkNM86N755DgTdSgkJN4AFaZCC5jU,3EEhPSkNM86N755DgTdSgkJN4AFaZCC5jU
3EEhPSkNM86N755DgTdSgkJN4AFaZCC5jU,37CmWXbsLPHtcfSTFxAGYnsGNCTHbzhpPA
3M2J8JgLDLXs6XwqFPkiMMLGdn5QS7xMNy,3KwvQcXEdi9Fy6PbxJAM3qcF515UeYKhNi
1EzVkUoVKjTDhkcyp1d74BTaLWfeRYaZp7,3LWoxNahNawaQ3oAJe4TKdGURD1xhj4rmC
bc1qx4rlj0avdmn0v8k4wx9578wst95dvsamk3sxgp,32Mf4hkRXAxhrkY2EjrzVcX8diTPKVEfhA
bc1qx4rlj0avdmn0v8k4wx9578wst95dvsamk3sxgp,1ALjCmKqewgdDUdBcimex9pyEsiSXYF2U2
37oYLQCAGU2kR17JJds2RDhnRxhN68Gtx9,bc1qx4rlj0avdmn0v8k4wx9578wst95dvsamk3sxgp
37oYLQCAGU2kR17JJds2RDhnRxhN68Gtx9,bc1qra2u3sz877s72n4krdl2sl4zk3c3ws08gcpa4l
1NpfExaNhuDFHkRuBGev6E5TMMArSb7U7G,3DmYZYkxgS5M1KvPTCXrDQbEe9NZhqmH7e
3GfWyoYqUYPCQBtCN7UvzRF1QPKQExL79V,3GfWyoYqUYPCQBtCN7UvzRF1QPKQExL79V
3GfWyoYqUYPCQBtCN7UvzRF1QPKQExL79V,3Qy3NxD9qt4VTeZ8JU5AiKjDdaTsgYuaiB
3GfWyoYqUYPCQBtCN7UvzRF1QPKQExL79V,3M2dzqxWbVFDxQWZXrTpf7zF62nwbEGpUp
31yhKrTiMwddE9MVWmncWAfgknarh8jtuA,3884GBrjZGUCZUAwgWGuZ91E921ShB8DiF
31n7Q4JQLL8xHmsna2yy1AS3JPe3KKpkTd,31n7Q4JQLL8xHmsna2yy1AS3JPe3KKpkTd
31n7Q4JQLL8xHmsna2yy1AS3JPe3KKpkTd,36TZYLiYfpW4AU2vrvwNxTEUWez1YB9WHD
3BQTQLhouBU8xQz6hPcxG3H9a9YcyapUJ2,3DE5b5j7cwYx65thY7PybVZCoLban54tkC
bc1qpjel0vq9sxaelvvjeagcnf8xgrsypkxxhx20wj,32Mf4hkRXAxhrkY2EjrzVcX8diTPKVEfhA
1BtyERqzdeN4k6QT7UJcyyJVa517sFFMSR,bc1q9p0h7xsvh7c0nscz4lxgr6jf0umnf4uzu530h8
32wLTwRr2X7sYAGw1QKqUadiyVJwBUv7Wo,3Ma4g2V8DWdu6c7aR8dqUDbdwnjjho5Sx8
3AGoXXcRnDfJd5UipTcBjK1YibcgpmhAP5,3GkzgwMb7iRejxJUYXc2yNoRmbHmBaBPW2
36TZYLiYfpW4AU2vrvwNxTEUWez1YB9WHD,36TZYLiYfpW4AU2vrvwNxTEUWez1YB9WHD
36TZYLiYfpW4AU2vrvwNxTEUWez1YB9WHD,3EX34GnTCYKLrGb7q5nc2obCXwnApvm3kJ
34f6HGKXT6vfM6Dkn21BKtb6gUKZgz1cn8,bc1qrxqyzas8exu8u38gc0kz9tyzngn7f0amrp45fn
bc1qz204mwjsc3jqrfuvgfkkwfzt9ltlvrk479hcqf,32Mf4hkRXAxhrkY2EjrzVcX8diTPKVEfhA
3KDmVdUdWAomspxciPZNEhyzm5BUgtvPUN,1J3763hAKXsTD4PEF8S3Za2UysLhcNsE1e
3JhkXsAa6mvTSpQRiY2qGu1pSawRnmsLgZ,3NDNcYd6C1boL5YcADBCcMqKn9MdKkr7RP
3JhkXsAa6mvTSpQRiY2qGu1pSawRnmsLgZ,3JuUhgBNkJMwmixBCKA1KcQtGhEW8mKUjA
3JhkXsAa6mvTSpQRiY2qGu1pSawRnmsLgZ,1BtyERqzdeN4k6QT7UJcyyJVa517sFFMSR
1ALjCmKqewgdDUdBcimex9pyEsiSXYF2U2,1LHbGg5c4MV6GERAcoDTvn9W5JvBq91tR9
38QB5hEmzX1hHY86LfCmuRsRqwK5sGfLQk,3M2J8JgLDLXs6XwqFPkiMMLGdn5QS7xMNy
3Qy2pxx2YCHXnscXgCP3H4dtqwE2oUkWkf,1DvtVuWC91MM12JBWJVJ6bVjGpx4KchgzA
bc1qx65xcxz6dfsge2g4eaerercslh83y66wrpm79r,bc1qx65xcxz6dfsge2g4eaerercslh83y66wrpm79r
bc1qx65xcxz6dfsge2g4eaerercslh83y66wrpm79r,3FJY2nZou98LKUYye9mhMrh3UgeQMDYPuz
bc1qx65xcxz6dfsge2g4eaerercslh83y66wrpm79r,1AGCoktnEppAmTZzf9aaM9zhzv3GB7LJvD
bc1qx65xcxz6dfsge2g4eaerercslh83y66wrpm79r,18DUJaeuJ8bYjqjrybi48us2dGikSngnrR
bc1qx65xcxz6dfsge2g4eaerercslh83y66wrpm79r,3L398knh5C1E2cCEg5N9C4dcGaBWLnPMwK
3DEUAR2gwQLJRbrtZE8mjx6eBpamHwX4vj,3DRURDZP7vVpnbGzxm6mzjqLsSjtBNZ9EF
3M2dzqxWbVFDxQWZXrTpf7zF62nwbEGpUp,3DE5b5j7cwYx65thY7PybVZCoLban54tkC
bc1q7evsg7gz4a4q4wnydf30da54segdz2pxcxy87x,32Mf4hkRXAxhrkY2EjrzVcX8diTPKVEfhA
38Gaw6AdKZLq1YbAykcX8UB7frxY8nnyux,37iamnTPYQS6usvWbFozByTC6dmSryoMvL
38Gaw6AdKZLq1YbAykcX8UB7frxY8nnyux,3AfZHZHWYDduznT9ya1BNkouhbzCrPAqHr
3EX34GnTCYKLrGb7q5nc2obCXwnApvm3kJ,3EX34GnTCYKLrGb7q5nc2obCXwnApvm3kJ
3EX34GnTCYKLrGb7q5nc2obCXwnApvm3kJ,36TZYLiYfpW4AU2vrvwNxTEUWez1YB9WHD
3EX34GnTCYKLrGb7q5nc2obCXwnApvm3kJ,3AtGmbkSoqzJmL8SUVP4JoZkutTFme4zuV
3EX34GnTCYKLrGb7q5nc2obCXwnApvm3kJ,3DmYZYkxgS5M1KvPTCXrDQbEe9NZhqmH7e
3EX34GnTCYKLrGb7q5nc2obCXwnApvm3kJ,18WTA6TS7qxGC4icQyB8mywGZPyRrpFfPS
3D6gvNeYZemPZpPx8xY6Kgdv6uC3fdVv61,3NR51M8tf6kY2MSdBJAThR6V7ZEJqLe1Zp
3D6gvNeYZemPZpPx8xY6Kgdv6uC3fdVv61,3953E9nAhjzVQN9fPrAPV9siKjm2cz25x6
3D6gvNeYZemPZpPx8xY6Kgdv6uC3fdVv61,37iamnTPYQS6usvWbFozByTC6dmSryoMvL
3D6gvNeYZemPZpPx8xY6Kgdv6uC3fdVv61,3HtanfxrPVY5rr2KaNHK1GQMDNH65diEJu
bc1q22rr97s9lnna39gfvjy84vuzn0muems0y7y9yl,32Mf4hkRXAxhrkY2EjrzVcX8diTPKVEfhA
3CTTyNoUJjg3Ci1E4AhpyPBXvBQ9TNFZWJ,3Ma4g2V8DWdu6c7aR8dqUDbdwnjjho5Sx8
3DRURDZP7vVpnbGzxm6mzjqLsSjtBNZ9EF,34f6HGKXT6vfM6Dkn21BKtb6gUKZgz1cn8
